,screen_name,author_id,u_classv2_1,u_classv2_2,u_link,u_profile_link,u_name,u_location,u_description,u_statuses_count,creation_date,u_followers_count,following,max_user_retweets,mean_user_retweets,max_user_favorites,mean_user_favorites,condensed_tweets,quoted_tweets,linked_content,retweeted_descr,quoted_descr,profile_pic_URL,max_tweets_day,max_tweets_hour,mean_tweet_delta,max_tweet_delta,min_tweet_delta,std_tweet_delta,get_retweeted_percentage,avg_retweets,avg_favorites,are_retweets_percentage,max_retweets,max_favorites,account_age,approx_entropy_r100,approx_entropy_r500,approx_entropy_r1000,approx_entropy_r2000,approx_entropy_r5000,avg_tweets_day,default_prof_image,default_theme_background,entropy,favorites_by_user,favorites_by_user_per_day,geoenabled,listed_count,Unnamed: 0,0,1,2,3,4,5,6,7,8,9,10,11,12,13,14,15,16,17,18,19,20,21,22,23,24,25,26,27,28,29,30,31,32,33,34,35,36,37,38,39,40,41,42,43,44,45,46,47,48,49,topic_variance
0,ai6yrham,910623276778405888,individual,media,https://t.co/kCskxgl0UP,https://twitter.com/ai6yrham,AI6YR,DM04,Personal account of Ham radio operator AI6YR (Ben). Active during disasters. https://t.co/mIEFNOFcs8 and (at)ai6yr(at)m(dot)ai6yr(dot)org over at the furry pachyderm.,166779,2017-09-20 21:54:42+00:00,42938,1884,61,14.5,26,4.6,"RT @USGS_ShakeAlert: Good morning, Redwood Coast, CA! Did you feel the magnitude 3.9 earthquake about 35 miles west of Ferndale at 9:21 am?‚Ä¶ EndOfTweet RT @WestValleySAR: On a mission in late December, our team staged several pieces of equipment at #IcehouseSaddle.  Upon returning, we were‚Ä¶ EndOfTweet RT @NWStornado: Tornado Warning including Woodlake CA, Ivanhoe CA and  Three Rivers CA until 5:15 PM PST https://t.co/2llUGPr4kR EndOfTweet @Daniel06277943 @CHellerTVNews @VCscanner It completely silted up in 2020. https://t.co/E590g2RGyK EndOfTweet @415FirePhoto @engineco16 @lori_smoldt Wow, look at that flow rate! EndOfTweet RT @415FirePhoto: @ai6yrham @engineco16 @lori_smoldt This was the flow over the spillway yesterday morning! https://t.co/uHt7qwfHmJ EndOfTweet @eye_tee @engineco16 @lori_smoldt Putting a dam where it silts up was probably not a great idea. EndOfTweet @CHellerTVNews @VCscanner Incredible! And here we were just staring at the wildfire camera trying to figure what the smoke-like-stuff coming out of that canyon was (mist!) EndOfTweet @CHellerTVNews @VCscanner @engineco16 there you go! EndOfTweet RT @CHellerTVNews: Matilija spillover #Ojai #CAwx @VCscanner @ai6yrham https://t.co/y9RctFTPvs EndOfTweet ",,https://twitter.com/CHellerTVNews/status/1612946423749939200/video/1 EndOfLink ,"Keep up-to-date on ShakeAlert System news, updates, and other information. Tweets and ""likes"" are not endorsements. EndOfDescr Founded in 1985, a non-profit, all-volunteer Search & Rescue unit dedicated to saving lives by providing search & rescue operations & wilderness education. EndOfDescr Official Twitter account for the National Weather Service used to distribute experimental tornado  warning impact graphics. Read more at: http://t.co/j1qyDV2Jw5 EndOfDescr Ventura County Fire Dept Photographer/EMT/Wildfire Attorney. Nehemiah 4:14üëá IG | https://t.co/mdr9D1TSTk? FB | https://t.co/8JLO1T3hzy EndOfDescr Assignment Editor @ABC7 ‚Ä¢ EMMY & RTDNA Edward R. Murrow recipient ‚Ä¢ EndOfDescr ",,https://pbs.twimg.com/profile_images/938535307066073088/hMdfcznj_normal.jpg,7,7,7578.444444444444,61437,12,19086.12766214777,0.0,0.0,0.0,1.25,2,26,1938,0.1335313926245223,0.27844821562601885,0.27844821562601885,0.16222085249739093,0.060689700415018526,86.05727554179565,False,True,1.3030924037617193,27065,11.67,False,874,0,0.0,0.0,0.0,0.033460768447680915,0.0,0.0,0.0,0.0,0.0,0.0,0.0,0.0,0.05702140148390422,0.0,0.0,0.11104281551458617,0.0,0.0,0.0,0.0,0.0,0.03441556983373382,0.0704946020110087,0.0,0.0,0.0,0.05430633066730066,0.0,0.0,0.0,0.0,0.05136317658153447,0.0,0.0,0.09844704277136107,0.0,0.0,0.0,0.0,0.0,0.0,0.0,0.03963849930600687,0.0,0.0,0.0,0.0,0.0,0.05650143291462551,0.0,0.15262788300213387
1,pjdohertygis,271608505,individual,em,,https://twitter.com/pjdohertygis,P.J. Doherty,"0,0","Supporting search and rescue teams with geospatial tools. All opinions are my own, not representing my employer. #SAR #publicsafetygis #GIS",16033,2011-03-24 21:15:20+00:00,3905,3851,248,95.0,7,0.7,"RT @CW3E_Scripps: #AtmosphericRiver activity is forecast to continue over California during the next 7 days. Heavy precipitation will likel‚Ä¶ EndOfTweet RT @Weather_West: Additional widespread precipitation is likely over the next 8-9 days over the northern 2/3 of CA, and it will be heavy at‚Ä¶ EndOfTweet The #PhotoMappers delivered again, incredibly powerful visual tool to understand impacts of flooding. This time across the entire State of California. Thank you @GISCorps! @coastalregion @CAgovernor @Cal_OES @SBCountyOEM @VENTURASHERIFF @MCoSheriff @CountyofSonoma https://t.co/kfvdMbLq78 EndOfTweet RT @MCoSheriff: An Evacuation Order for residents in the low laying areas of Salinas River due to flooding effective immediately and until‚Ä¶ EndOfTweet RT @NWSLosAngeles: Latest rainfall table for current storm as of 10 PM PST. Highest amounts 15.47 inches at Nordhoff Ridge in VTU County &amp;‚Ä¶ EndOfTweet RT @LAPDHQ: The National Weather Service has issued a flash flood warning for the LA area. If possible, stay off the roads. If you do have‚Ä¶ EndOfTweet RT @NWSLosAngeles: Total rainfall expected tonight through Tuesday. 2-5"" coast/vlys and 5-9"" foothills and mtns. Local up to 12"" with highe‚Ä¶ EndOfTweet RT @NWSLosAngeles: Heads-up to LA county and southern Ventura County: Heavier rain moving into region will bring increased risk of flooding‚Ä¶ EndOfTweet RT @MaderaSheriff: Local State of Emergency Proclaimed for Madera County Due to Ongoing Extreme Weather Conditions Details here: https://‚Ä¶ EndOfTweet RT @SB_Police: STORM WATCH ‚Äì Officers and Fire Department personnel are monitoring creeks that are prone to overflowing ( W. Haley and De L‚Ä¶ EndOfTweet ",Access the photo gallery and feature service in the #PhotoMappers Experience Builder app. https://t.co/njwghwt3rR https://t.co/JTvNoFq8u9 EndOfTweet ,,"The Center for Western Weather and Water Extremes: Science/tech/outreach that addresses the impacts of extreme weather and water events over western N. America EndOfDescr Climate scientist @UCLAIoES, @C3WE_NCAR, & @Nature_Org studying extreme events like floods, droughts, & wildfires. PhD @StanfordEarth & @UCDavis alum. EndOfDescr Official Twitter of the Monterey County Sheriff's Office, CA #MCoSheriff This site is not monitored 24/7, call 911 in case of an emergency or (831) 755-3700. EndOfDescr Official Twitter account for the National Weather Service Los Angeles. Details: https://t.co/XR2Jbn9brl EndOfDescr Official account of the LAPD. Not monitored 24/7. Call 911 for emergencies. LAPDHQ on Facebook & Instagram EndOfDescr Official Twitter account for the National Weather Service Los Angeles. Details: https://t.co/XR2Jbn9brl EndOfDescr Official Twitter account for the National Weather Service Los Angeles. Details: https://t.co/XR2Jbn9brl EndOfDescr Serving Madera County, California since 1893 EndOfDescr This is the official account of the Santa Barbara Police Department. Not monitored 24/7 - Call 9-1-1 to report an emergency. EndOfDescr ",#Nonprofit dedicated to building the #publicsafety community's #geospatial #technology capability & providing #GIS subject matter expertise. EndOfDescr ,https://pbs.twimg.com/profile_images/1205565516431028229/eKAUAHUE_normal.jpg,5,2,12583.222222222224,52511,15,16977.755026162766,0.0,0.0,0.0,2.25,7,7,4310,0.1335313926245223,0.1335313926245223,0.03975540251546384,0.03975540251546384,0.2784482156260184,3.719953596287703,False,True,2.19722457733622,27065,11.67,False,201,0,0.014531192115762016,0.0,0.0,0.0,0.0,0.0,0.0365765511312268,0.0,0.0,0.0,0.0,0.0,0.0,0.015580891208215191,0.0,0.0,0.0,0.0,0.0,0.0,0.0,0.026412006467580795,0.06627419624816287,0.0,0.0,0.0,0.0,0.0,0.050250461494380776,0.0,0.0,0.030673531307415524,0.0,0.0,0.0,0.0,0.0,0.0,0.0,0.015114341608502647,0.0,0.08103899691592563,0.0,0.0,0.0,0.0,0.0,0.0,0.4568353230980309,0.0,0.1468229302929281
2,inciweb,17374418,organization,em,https://t.co/3XLSOsiorN,https://twitter.com/inciweb,InciWeb,NIFC,"Updates from InciWeb, the national incident information system for wildfires and all-hazard incidents.",116539,2008-11-13 22:29:54+00:00,35433,2,1,0.2,3,1.5,"#SiouxonandSunsetFire #WA #WAGPF https://t.co/Qhe4yPRQFR Siouxon and Sunset Fires: Current Situation: Rain and snow continue to fall on the Goat Rocks\, Siouxon\, and Sunset fire areas. Roads above 4\,000 feet in elevation have received up to three inches of snow. In the interest EndOfTweet #SiouxonandSunsetFire #WA #WAGPF https://t.co/ouL26aGHip Siouxon and Sunset Fires: Goat Rocks, Siouxon, and Sunset Fire Update EndOfTweet #GoatRocksFire #WA #WAGPF https://t.co/Dom7FjUqZS Goat Rocks Fire: Goat Rocks, Siouxon, and Sunset Fire Update October 26, 2022 EndOfTweet #SiouxonandSunsetFire #WA #WAGPF https://t.co/lZ3qOOSxKv Siouxon and Sunset Fires: Inciweb Down for Maintenance - Update EndOfTweet #GoatRocksFire #WA #WAGPF https://t.co/B8BBj7atVM Goat Rocks Fire: Inciweb maintenance EndOfTweet #CedarCreekFire #OR #ORWIF https://t.co/B6zm7OG71X Cedar Creek Fire: Cedar Creek Fire Update October 26, 2022 EndOfTweet #GoatRocksFire #WA #WAGPF https://t.co/wKFKXdeAU0 Goat Rocks Fire: new maps have been uploaded to this incident EndOfTweet #SiouxonandSunsetFire #WA #WAGPF https://t.co/7CNkCet940 Siouxon and Sunset Fires: new maps have been uploaded to this incident EndOfTweet #LochKatrineFire #WA #WAMSF https://t.co/XQCwgATSUD Loch Katrine Fire: new maps have been uploaded to this incident EndOfTweet #LochKatrineFire #WA #WAMSF https://t.co/aW3EvzxiVY Loch Katrine Fire: October 25, Loch Katrine Fire Update EndOfTweet ",,https://bit.ly/3N4OqAK EndOfLink ,,,https://pbs.twimg.com/profile_images/976570593737834497/6Ah8-iIU_normal.jpg,8,3,8844.111111111111,66565,11,20467.78918444211,0.0,0.5,3.75,0.0,1,3,5171,0.03975540251546384,0.0804061640374627,0.0804061640374627,0.25369295917744905,0.06068970041501842,22.537033455811248,False,True,1.8891591637540217,27065,11.67,False,1182,0,0.0,0.23806108297272166,0.0,0.08956877379254861,0.0,0.0,0.0,0.0,0.05259773880243301,0.0,0.08420861783352765,0.0,0.0,0.0,0.05103293095122685,0.0,0.0,0.0,0.0,0.0,0.0,0.0,0.06018471480770544,0.0,0.0883206958797845,0.0,0.0512921583246101,0.0,0.0,0.0,0.0,0.036292246119542564,0.0,0.0,0.0,0.0,0.0,0.0,0.0,0.0,0.0,0.0,0.0,0.0,0.0,0.0,0.0,0.0,0.04286979714577848,0.0,0.1451886565759747
3,CEDRdigital,904740870817120256,organization,em related,https://t.co/dwWIGnNQFQ,https://twitter.com/CEDRdigital,CEDR Digital Corps,United States,"Digital Helpers During Disasters to clarify, amplify, & inform.Not 24x7‚ñ™501c3‚ñ™‚ù§/RTüö´endorsementhttps://t.co/mvg3np6Rlnhttps://t.co/rD7U3cM6J6",47861,2017-09-04 16:20:07+00:00,8875,991,9,3.9,8,1.6,"RT @Cal_OES: Through the @Cal_OES Fire and Rescue Mutual Aid System, swift water resources and firefighting personnel are deployed to dozen‚Ä¶ EndOfTweet It's been a rough few days, and there's still more #CAwx weather to come tomorrow. Stay safe, listen to your local emergency alerts, be aware and take care of those around you. https://t.co/2tdLx6CN4w EndOfTweet Caltrans strongly recommends that the public stay off the roads and avoid traveling if possible. Most roadways in the state have been affected to some degree.   #knowbeforeyougo at https://t.co/Iv3TSQ3VCh or call 1-800-427-7623 https://t.co/VAYJa5BrtD  is EndOfTweet All Evacuation Orders and Shelter in Place CANCELLED on 1/10/23 at 2 PM for #SantaBarbara County. Todas las √≥rdenes de evacuaci√≥n y refugio en el lugar se CANCELARON el 10/01/23 a las 2 p. m. para el condado de Santa B√°rbara. https://t.co/gCwvuN210C EndOfTweet RT @sanmateoco: Ever see a COW in the wild? The County‚Äôs Department of Emergency Management has parked a Cell On Wheels (COW) at Pescadero‚Ä¶ EndOfTweet üö®üö® EVACUATION ORDER üö®üö®The Monterey County Sheriff's Office has upgraded Evacuation Warnings to Evacuation Orders for residents in the low-lying areas of Salinas River North of Chualar River Rd. and South of Highway 68Map: https://t.co/gOInoJohyg EndOfTweet üö®üö®SHELTER IN PLACE  üö®üö®  #ForestFalls  Due to the current rain, there is mud and debris blocking roadways. The community of Forest Falls is now subject to a shelter-in-place order.https://t.co/zIRnKBIsrT EndOfTweet #Tahoe Mountain travel is highly discouraged. Whiteout conditions are expected, along with heavy snow. Please stay off the roads. If you must travel, carry chains and a travel emergency kit, check road conditions, and be prepared if you are stranded.  https://t.co/shtS1W8fAr EndOfTweet #Delano #CASandbags available https://t.co/sNNOZQJaLA EndOfTweet The Shelter-In-Place and Evacuation Orders for the areas surrounding Creek Road along Hwy 33 have been lifted.https://t.co/KLN6Khq8gX EndOfTweet ",,https://zcu.io/1are EndOfLink ,"Cal OES serves as the state‚Äôs leadership hub during all major emergencies and disasters. EndOfDescr News, events & info from the County of San Mateo, protecting & enhancing the health, safety, welfare & natural resources of the community.#SMCounty #SMCready EndOfDescr ",,https://pbs.twimg.com/profile_images/1015752468288933898/MLLHQdcJ_normal.jpg,7,6,7968.88888888889,52520,182,16295.819801030393,1.0,12.0,8.0,0.5,6,8,1955,0.0887819499348046,0.0887819499348046,0.0887819499348046,0.0887819499348046,0.060689700415018526,24.48132992327366,False,True,1.4270610433807247,27065,11.67,False,297,0,0.0,0.11833874102343213,0.05269921469417485,0.0,0.027506732805208725,0.0,0.0,0.0,0.0,0.0,0.0,0.0,0.0,0.0,0.0,0.0,0.0,0.0,0.0,0.0,0.0,0.0,0.03212150965224613,0.0,0.0,0.0,0.04555786502632228,0.0,0.06150860711932182,0.0,0.0,0.05458369410850785,0.0,0.0,0.0,0.0,0.0,0.0,0.0,0.0,0.0,0.1426400565965609,0.0,0.0,0.0,0.0,0.08025397428057411,0.0,0.12641258571635594,0.0,0.1865094993057574
4,ReadyLACounty,454197888,organization,em,https://t.co/m3MWqlvFYE,https://twitter.com/ReadyLACounty,Ready Los Angeles County,Los Angeles County,"Official account of the Los Angeles County Office of Emergency Management for disaster response, recovery and preparedness information.",45310,2012-01-03 18:43:31+00:00,19801,498,41,19.6,0,0.0,"RT @LADOTofficial: ‚ö†Ô∏èTraffic Alert‚ö†Ô∏èLaurel Canyon Blvd is now open to thru traffic.CLOSURE on Mulholland beginning at Laurel Canyon blvd‚Ä¶ EndOfTweet RT @SupJaniceHahn: This storm is hitting us hard. As Chair of the Board of Supervisors, I just signed a local emergency proclamation for‚Ä¶ EndOfTweet RT @lapublichealth: Cold Weather Alert - Cold Temperatures Expected in Parts of Los Angeles County. View: https://t.co/Xz2hVoMUik https://t‚Ä¶ EndOfTweet RT @NWSLosAngeles: A Flood Advisory is in effect until 1215 PM this afternoon for urban and small stream flooding in LA Co.  Heaviest rain‚Ä¶ EndOfTweet RT @NWSLosAngeles: Special Marine Warning including the Outer waters from Santa Cruz Island to San Clemente Island to 60 NM offshore includ‚Ä¶ EndOfTweet RT @CaltransDist7: üößCALTRANS D7 CLOSURESüößList of current weather-related highway closures as of 10 AM. Closure of US 101 in Ventura is‚Ä¶ EndOfTweet RT @NWSLosAngeles: Special Marine Warning including the Outer waters from Santa Cruz Island to San Clemente Island to 60 NM offshore includ‚Ä¶ EndOfTweet RT @NWSLosAngeles: A special weather statement has been issued for Inglewood CA, Santa Monica CA and  Hawthorne CA until 9:45 AM PST https:‚Ä¶ EndOfTweet RT @CDCemergency: #ResolveToBeReady in 2023. Make monthly micro-resolutions to:‚Ä¢ improve your financial preparedness in April.‚Ä¢ #BeReady‚Ä¶ EndOfTweet RT @CDCEnvironment: #Floods may pose risks, including drowning, injuries, and hazards from chemicals, sewage, or bacteria that may be in th‚Ä¶ EndOfTweet ",,,"We move LA forward by delivering safe, livable, well-run transportation.Need help? Visit https://t.co/C3K6wUyhjo or call 311.#LADOT #MovingLAForward EndOfDescr Chair of the Los Angeles County Board of Supervisors. Proudly serving the 4th District. //Tuits en espa√±ol en hilo. EndOfDescr Committed to protecting & improving the health of the over 10 million residents of #LACounty. Follow for #HealthAlerts & #HealthTips. #PublicHealth EndOfDescr Official Twitter account for the National Weather Service Los Angeles. Details: https://t.co/XR2Jbn9brl EndOfDescr Official Twitter account for the National Weather Service Los Angeles. Details: https://t.co/XR2Jbn9brl EndOfDescr California Department of Transportation. Site is not monitored 24/7. Please call 9-1-1 for emergencies. Visit https://t.co/kgk5bf7PmV for current highway closures. EndOfDescr Official Twitter account for the National Weather Service Los Angeles. Details: https://t.co/XR2Jbn9brl EndOfDescr Official Twitter account for the National Weather Service Los Angeles. Details: https://t.co/XR2Jbn9brl EndOfDescr The handle for CDC's Center for Preparedness and Response (CPR). We tweet ways to #PrepYourHealth, abt public health preparedness, & during emergency responses. EndOfDescr Info from @CDCgov & #ATSDR on how your environment affects your health. Following/being followed ‚â† endorsement. EndOfDescr ",,https://pbs.twimg.com/profile_images/1327737982493679616/nAv2Jmw1_normal.jpg,8,3,9784.333333333334,49700,6,15132.5035675602,0.0,0.0,0.0,2.5,0,0,4026,0.1335313926245223,0.1335313926245223,0.1335313926245223,0.1335313926245223,0.011724251956648724,11.254346746150024,False,True,2.0431918705451206,27065,11.67,False,546,0,0.0,0.07709361172535202,0.028838012367486957,0.0,0.0,0.0,0.021959162909876217,0.0,0.0,0.0,0.0,0.0,0.0,0.0,0.0,0.03562061590227214,0.0,0.0219693085686727,0.0,0.0,0.0,0.0,0.0,0.0,0.0,0.0,0.030076678842306137,0.0,0.028394339098171757,0.0,0.0,0.0,0.0,0.0,0.0,0.0,0.0,0.0,0.0,0.0,0.0,0.037835239348086434,0.0,0.0,0.0,0.0,0.03750930624929341,0.0,0.3642685884101825,0.0,0.1984174788861151
5,SBCOUNTYFIRE,309321315,organization,em,https://t.co/f2h83uDXnQ,https://twitter.com/SBCOUNTYFIRE,San Bernardino County Fire,San Bernardino County,The Official Twitter Page for San Bernardino County Fire Protection District.,11108,2011-06-01 22:15:40+00:00,68270,354,35,19.8,96,36.5,"RT @YucaipaPD: The shelter in place order has now been lifted for the community of Forest Falls. Hwy38 at Valley of the Falls is open. Plea‚Ä¶ EndOfTweet RT @YucaipaPD: SHELTER IN PLACE: Due to the current rain, there is mud and debris blocking roadways. The community of Forest Falls is now s‚Ä¶ EndOfTweet üí® High Wind Warning in Mountains/High Desertüí® 50-60mph windsüí® 60-75mph gusts (Through 8pm Tuesday)Peak winds through Wednesday morning. Watch for fallen trees or limbs. Secure loose objects around your home. https://t.co/MTW2r9saOE EndOfTweet üåßÔ∏è Flood Watch (2am-10pm Tuesday)üåßÔ∏è 1-3"" in the valleysüåßÔ∏è 5-7"" in the mountainsHeavy rain rates possible Tuesday morning and afternoon. Flash flooding is possible. #SBCoFD is staffed up and ready to respond if you need us.Flood Safety Tips üëâ https://t.co/fPOauGRpde https://t.co/VMf1lqWO9U EndOfTweet RT @NWSSanDiego: Rain still continues to move across the area this morning. The cold front is moving through LA County and will move throug‚Ä¶ EndOfTweet As the rain &amp; wind continue today, use caution when traveling.‚úÖ Drive 5-10mph slower‚ùå Don't tailgate‚úÖ Turn on your headlights‚úÖ Make sure you can see out of all of your windows‚ùå Avoid unnecessary travelWinter Travel Safety üëâ https://t.co/wWH18izNSC https://t.co/kwCpv40tBi EndOfTweet In preparation for the incoming storm, #SBCoFD has staffed up additional swift water rescue personnel, hand crews and heavy equipment. Never cross a flooded road. As little as 12"" of water can move a vehicle. #TurnAroundDontDrownWinter Travel Safety üëâ https://t.co/wWH18izg34 https://t.co/QcrKL1g4F0 EndOfTweet üåßÔ∏è Flood Watch (2am-4pm Thursday)üåßÔ∏è 1-3"" in the valleys/desertsüåßÔ∏è 3-5"" in the mountainsüí® Wind Advisory (2am-12pm Thursday)üí® 15-25mph windsüí® 25-40mph gustsBe careful when driving. #SBCoFD is ready to respond if you need us.Flood Safety Tips üëâ https://t.co/fPOauGRpde https://t.co/ncqIijr7we EndOfTweet Heavy rain and potential flooding will move into #SanBernardinoCounty overnight. #SBCoFD Battalion Chief Mike Wakoski shows how to use sandbags to protect your property. Sandbags and sand are available throughout the county.Find a location &amp; prepare now: https://t.co/m5APgBWz7a https://t.co/pHDXm3ATrR EndOfTweet #SBCoFD is proud to have served you in 2022. We'll be there for you in 2023. https://t.co/PUbF86D1Wr EndOfTweet ","7AM Radar üì°Rain has started to move into Orange, San Bernardino and Riverside Counties this morning. Light showers continue in SD County. The most widespread and heavy rain is expected later this morning through this afternoon. Be careful if you're out driving today! #cawx https://t.co/UrsCUzH4mh EndOfTweet ",https://twitter.com/SBCOUNTYFIRE/status/1609965638180638720/video/1 EndOfLink ,"Official Twitter of Yucaipa Police/Sheriff Station. #YucaipaPD This site is not monitored 24/7, Call 911 in case of emergency. EndOfDescr Official Twitter of Yucaipa Police/Sheriff Station. #YucaipaPD This site is not monitored 24/7, Call 911 in case of emergency. EndOfDescr National Weather Service | San Diego24/7 Warnings, forecasts, and support. Serving San Diego, Orange, Riverside and San Bernardino Counties. EndOfDescr ","National Weather Service | San Diego24/7 Warnings, forecasts, and support. Serving San Diego, Orange, Riverside and San Bernardino Counties. EndOfDescr ",https://pbs.twimg.com/profile_images/1610341938489876481/_2EkJE4j_normal.jpg,4,2,23014.0,76842,412,24323.44433303438,3.0,123.0,365.0,0.75,30,96,4241,0.1335313926245223,0.1335313926245223,0.1335313926245223,0.1335313926245223,0.1335313926245223,2.6191935864182976,False,True,2.19722457733622,27065,11.67,False,718,0,0.0,0.08222609995441002,0.0,0.02965424954891205,0.022517096251249317,0.0,0.0,0.0,0.0,0.0,0.0,0.0,0.0,0.0,0.0,0.0,0.0,0.0,0.0,0.0,0.0,0.028961939229206608,0.02564267306165262,0.0,0.0,0.0,0.0,0.0,0.0,0.0,0.0,0.0,0.0,0.0,0.0,0.0,0.028880360790274364,0.0,0.0,0.0,0.0,0.1149651479314674,0.061806557530706574,0.0,0.0,0.0,0.021878036924383858,0.0,0.3059305484321984,0.0,0.13826878700582285
6,CBSLA,24928809,organization,media,https://t.co/EDfp9NqCY8,https://twitter.com/CBSLA,KCAL News,Los Angeles,KCAL9 is now KCAL News,220368,2009-03-17 18:40:17+00:00,342933,2249,4,1.3,17,4.4,"KCAL On Your Side: Improving your financial health in 2023  https://t.co/844Nd5GLRp EndOfTweet Crews working to repair sinkhole in Chatsworth  https://t.co/sF5BMSo6B5 EndOfTweet @KevinLu48044074 @NWSHanford This is great! Looks like a classic rotating supercell mesocyclone! I‚Äôm reaching out from KCBS2/KCAL9 on behalf of CBS News and Stations. May we please air your amazing footage? Please reply back to this tweet or email: ilya.neyman@paramount.com or 818-655-2299, Thanks!! EndOfTweet @KillaKittie @NWSHanford Hi, I‚Äôm reaching out from KCBS2/KCAL9. On behalf of CBS News and Stations. May we please air your amazing footage? Please reply back to this tweet or email: ilya.neyman@paramount.com or 818-655-2299, Thanks!! EndOfTweet LAUSD Superintendent Alberto Carvalho sits down with KCAL News  https://t.co/Da70rmyHva EndOfTweet GOOD NEWS: Damar Hamlin was discharged from a Buffalo hospital, two days after he was transferred there, the Bills say.https://t.co/ZErTde00xh https://t.co/bxcN37Yq9L EndOfTweet According to the Los Angeles Department of Public Works, crews responded to 598 tree emergencies in the last two weeks. https://t.co/TSK9sQoVfR EndOfTweet Overnight mudslide blocks Nichols Canyon Road in Hollywood Hills  https://t.co/UcG3ZBGsPq EndOfTweet A former Houston police officer was executed last night for hiring two people to kill his estranged wife nearly 30 years agohttps://t.co/hSsdZIgKxh EndOfTweet Nominations for the 29th annual Screen Actors Guild Awards, voted on by the Hollywood actors' guild SAG-AFTRA, were announced this morninghttps://t.co/WzjQoVUp3d EndOfTweet ",,https://www.cbsnews.com/losangeles/news/sag-awards-nominate-banshees-everything-and-sandler/ EndOfLink ,,,https://pbs.twimg.com/profile_images/1610925503816536066/wPfASyr7_normal.jpg,10,4,1183.888888888889,3601,19,1167.1495614382213,0.0,3.25,11.0,0.0,4,17,5048,0.1335313926245223,0.009755110381675314,0.12757142570183833,0.258229558428016,0.0,43.654516640253576,False,True,1.8891591637540217,27065,11.67,False,3618,0,0.0,0.08513348651203242,0.0,0.04574407129125162,0.031906626779924736,0.0,0.08922925963997841,0.0,0.0,0.0,0.0,0.0,0.0,0.0,0.0,0.0,0.0,0.0,0.0,0.0,0.0,0.0,0.0,0.0,0.0,0.0,0.0,0.0,0.043773434717546814,0.0,0.0,0.03843179616061124,0.03616263954476877,0.0,0.03491938689892942,0.0,0.0,0.0,0.0,0.0,0.0,0.0,0.0,0.0,0.06603244455023245,0.0,0.0,0.03112483193928545,0.0,0.0,0.15448929799793115
7,KTLA,10252962,organization,media,https://t.co/0WqPzeGL2h,https://twitter.com/KTLA,KTLA,"Los Angeles, CA","L.A.‚Äôs Very Own, KTLA has been keeping Southern California informed since 1947.",261301,2007-11-14 17:43:42+00:00,951589,925,6,2.5,44,11.3,"While James Cameron‚Äôs ‚ÄúAvatar: The Way of Water‚Äù dominates the high seas of the global box office, the director‚Äôs 1997 classic ‚ÄúTitanic‚Äù is about to again navigate those same waters https://t.co/Kq1IyBXhkH EndOfTweet Watch the KTLA 5 Morning News at 11 a.m. with @LuParker and @KTLA_Sandra here: https://t.co/c47Dcb3kKi EndOfTweet Apparently we‚Äôre all thirsting for lemon-lime soda, writes KTLA's @Davidlaz  https://t.co/ufYcZQlndJ EndOfTweet This isn't the first recent instance of a tiger being found in a private home in Albuquerque. https://t.co/YJX00mv8k7 EndOfTweet Northern California sees more rain while the south dries out https://t.co/ylCCf2GtYw EndOfTweet #California is giving itself a bit more time to send out the remaining Middle Class Tax Refunds to eligible residentshttps://t.co/Iei5gg5NeV EndOfTweet Walmart has removed a pair of boots from its online marketplace after it was determined the item violated the company‚Äôs ‚Äúprohibited product policy‚Äù https://t.co/EuEQst6aPC EndOfTweet Never in recent history, perhaps, have so many Americans viewed the Supreme Court as fundamentally partisan https://t.co/KINujviAef EndOfTweet The Bills safety is headed home.https://t.co/96CfHMyMo3 EndOfTweet RT @KTLAMorningNews: TRAVELER TURMOIL ‚úà@AnnieRoseNews talks to travelers at @flyLAXairport affected by the #FAAoutage. The @FAANews has s‚Ä¶ EndOfTweet ",,,This is the official KTLA 5 Morning News Twitter account. Watch weekdays 4 a.m. to noon and weekends 6 a.m. to 11 a.m. EndOfDescr ,,https://pbs.twimg.com/profile_images/809849913240481792/YQ0aT9hv_normal.jpg,10,6,1062.4444444444443,4302,234,1192.4275995828484,0.3333333333333333,7.0,37.66666666666666,0.25,6,44,5537,0.1335313926245223,0.4761100778311365,0.06068970041501842,0.06068970041501842,0.0,47.19180061405093,False,True,1.8891591637540213,27065,11.67,False,4395,0,0.0,0.0,0.0,0.05330735885284164,0.0,0.0,0.05530649051070213,0.0,0.0,0.0,0.0,0.0,0.0,0.050070724365386086,0.0,0.0,0.051348981193520805,0.0,0.0,0.0,0.0,0.0,0.0,0.0,0.0,0.0,0.0,0.0,0.03429123657670888,0.0,0.0,0.06488105688582768,0.0,0.0,0.0,0.0,0.0,0.0,0.0,0.0,0.0,0.0567056228491393,0.0,0.05823228067972444,0.0,0.0,0.051888482475822624,0.0,0.04572699049657041,0.0,0.17017648189035078
8,bettycjung,118788479,organization,personalized,https://t.co/yjbOT1gUgn,https://twitter.com/bettycjung,Betty C. Jung,United States,"Betty C. Jung MPH RN MCHES¬Æ Adjunct lecturer, Public Health; PHENOM Director; Webmaster #PublicHealth #Health #Science #Technology #Culture #COVID19",223741,2010-03-01 19:12:19+00:00,1093,202,0,0.0,0,0.0,"Mistakes happen in research papers. But corrections often don‚Äôt https://t.co/iG0pU0bfDL via @statnews #ResearchIntegrity @MicrobiomDigest EndOfTweet @PeterVogel And, ChatGPT probably could have done it in less time.... EndOfTweet Millions of Vehicles at Risk: #APIVulnerabilities Uncovered in 16 Major Car Brands https://t.co/MNIp4OdZX9 via @TheHackersNews EndOfTweet Visualizing the Changing World Population, by Country https://t.co/B9g6ZDV60x EndOfTweet Bosses Give Workers Bullshit ‚ÄòManager‚Äô Titles To Avoid Paying Overtime: Study https://t.co/326I2Epl4I via @motherboard #WorkplaceIssues EndOfTweet possibly slowing down AI creation, but respecting the intellectual property of artists, writers, programmers, and others.It‚Äôs already a tough enough life for those who try to earn a living based on their intellectual and artistic abilities. EndOfTweet Butterick‚Äôs warning about AI using any data for free anytime, anywhere would almost certainly come true. If Microsoft loses, those who create AI will have to tread far more carefully, https://t.co/cjbPCD4pDS EndOfTweet To a great extent, this suit will determine the future of AI. If Microsoft wins, it‚Äôll be full speed ahead for AI, which will be allowed to gobble up and train on code, images, articles, and data created by others. https://t.co/cjbPCD4pDS EndOfTweet In 2000, Microsoft‚Äôs then-CEO Steve Ballmer said that Linux open source software has ‚Äúthe characteristics of communism.‚Äù A year later he doubled down, calling it a ‚Äúcancer.‚Äù EndOfTweet One of the great ironies of Microsoft‚Äôs use of open-source software and reliance on a ‚Äúfair use‚Äù argument is that for years the company fought against open source as if it were the devil itself. https://t.co/cjbPCD4Xtq EndOfTweet ",This lawsuit against Microsoft could change the future of AI https://t.co/q73F3Dm2nF via @computerworld #ChatGPT @PeterVogel EndOfTweet This lawsuit against Microsoft could change the future of AI https://t.co/q73F3Dm2nF via @computerworld #ChatGPT @PeterVogel EndOfTweet This lawsuit against Microsoft could change the future of AI https://t.co/q73F3Dm2nF via @computerworld #ChatGPT @PeterVogel EndOfTweet ,https://twitter.com/bettycjung/status/1613211750349824000 EndOfLink ,,"Betty C. Jung MPH RN MCHES¬Æ Adjunct lecturer, Public Health; PHENOM Director; Webmaster #PublicHealth #Health #Science #Technology #Culture #COVID19 EndOfDescr Betty C. Jung MPH RN MCHES¬Æ Adjunct lecturer, Public Health; PHENOM Director; Webmaster #PublicHealth #Health #Science #Technology #Culture #COVID19 EndOfDescr Betty C. Jung MPH RN MCHES¬Æ Adjunct lecturer, Public Health; PHENOM Director; Webmaster #PublicHealth #Health #Science #Technology #Culture #COVID19 EndOfDescr ",https://pbs.twimg.com/profile_images/1004778702780141568/f5yR8DAA_normal.jpg,10,6,711.6666666666665,2790,1,886.0590649988671,0.0,0.0,0.0,0.0,0,0,4699,0.08040616403746248,0.25369295917744883,0.04358175011975374,0.007399404251226233,0.0,47.61459885081932,False,True,1.581093750171824,27065,11.67,False,391,0,0.0,0.03769325295632536,0.0,0.0,0.0,0.0,0.0,0.0,0.0,0.0,0.0,0.042630370706319816,0.08728070692582564,0.0,0.0,0.0,0.0,0.0,0.0,0.0,0.03231809863990003,0.0,0.0,0.07553744349967349,0.0,0.0,0.036427106708288186,0.05249494754455306,0.0,0.0,0.0,0.0,0.0,0.0,0.0,0.0,0.0,0.0,0.0,0.0,0.0,0.0,0.0,0.05549947815862569,0.06293499029495499,0.0,0.0,0.034520183435895226,0.0,0.0,0.1421620688108794
9,wildfiretoday,14976425,organization,em expertise,http://t.co/1EN4cNwC54,https://twitter.com/wildfiretoday,Wildfire Today  üî•,South Dakota (Black Hills),"Wildland fire news and opinion. Your source for wildfire information, managed by Bill Gabbert. | Sister account: @FireAviation",18472,2008-06-02 01:21:07+00:00,29691,244,13,4.0,28,12.4,"Fire leaders promote national fire¬†strategy https://t.co/1C0iaCzYyG EndOfTweet Photojournalist Carlos Vera Mancilla shares photos of the urban-forest wildfire in Vi√±a Del Mar, Chile, in late December, 2022. The fire left one dead and destroyed more than 100 homes. https://t.co/nEaEeslPD7 EndOfTweet Maybe insurance will be the turning¬†point https://t.co/FJUI6eapXK EndOfTweet Following a string of west to east storms, the US begins the new year with a mostly normal fire outlook ... with higher fire potential in TX, Fl, GA. https://t.co/SDwbus3iKj EndOfTweet Firefighter Cancer Awareness¬†Month https://t.co/7J30UOFQXD EndOfTweet Judge dismisses lawsuit over Oregon‚Äôs new heat and smoke¬†rules https://t.co/GKb5VrI6mk EndOfTweet Mexico and U.S. working together on¬†wildfire https://t.co/2GHj8Pw1Fz EndOfTweet Department of Defense joins NWCG¬†board https://t.co/PwtinFhYGz EndOfTweet New study report says states do not adequately budget for¬†wildfire https://t.co/Mcu9GYZTD3 EndOfTweet https://t.co/SJfLYjUm2W EndOfTweet ",,https://www.yahoo.com/news/sexy-smokey-bear-balloon-gets-173318403.html EndOfLink ,,,https://pbs.twimg.com/profile_images/247022252/W-for-twitter_normal.jpg,1,1,41453.88888888888,84534,4127,37054.26267409713,0.0,10.0,31.0,0.0,13,28,5336,0.1335313926245223,0.1335313926245223,0.1335313926245223,0.17708193859897747,0.2784482156260184,3.4617691154422787,False,True,2.197224577336219,27065,11.67,False,713,0,0.0,0.0,0.0,0.04502011767842553,0.0,0.0,0.0,0.0,0.0,0.0,0.0,0.0,0.05407178740609776,0.0,0.0,0.0,0.0,0.07074217836965215,0.0,0.0,0.03543275933374058,0.038168154656887054,0.0,0.0,0.0,0.0,0.0,0.0,0.0,0.0,0.0,0.06657735800201242,0.031422155824574555,0.0,0.0,0.0,0.0,0.0,0.0,0.0,0.0,0.03539448231458664,0.0,0.0,0.04893416369503194,0.0,0.0,0.0,0.044326777485283936,0.0,0.18719828810150585
10,BreakinNewz01,1365812287,feed based,distribution,https://t.co/F6MLb8kPEj,https://twitter.com/BreakinNewz01,BreakinNewz,Pennsylvania,Top News & More !! Freelance journalist #American_Party#WeAreAmericans#WeThePeople#FitnessFanatic#EaglesFan4Life#Born2BleedGreen,143098,2013-04-20 01:06:47+00:00,1798,1059,0,0.0,1,1.0,"""Rep. George Santos (R-NY) Therapist?"" Psychiatrist who practiced for over 20 years accused of faking medical degree (NYP) https://t.co/YByTO04kdu EndOfTweet #WhiteHouse press secretary Karine Jean-Pierre holds a briefing https://t.co/YnJmarwBNu EndOfTweet STRIKE!! Around 25,000 U.K. ambulance workers have gone on strike as they walked out for the 2nd time since December in an ongoing dispute with the government over pay. https://t.co/5uamnu500D EndOfTweet The #BuffaloBills said #Hamlin underwent comprehensive medical evaluations &amp; according to the MD at Kaleida Health, the series of tests are completed &amp; they are confident that he can safely be discharged. https://t.co/ujE61qnhuj EndOfTweet #UK- Royal Navy is escorting warships in UK territorial waters &amp; the adjacent sea areas.A Royal Navy warship is tracking the movements of a Russian warship in the North Seahttps://t.co/fVHMbfCo71 EndOfTweet #UPDATE #NFL - #DamarHamlin has been released after being hospitalized for more than a week due to a cardiac arrest he suffered during a ""Monday Night Football"" game earlier this month, the #BuffaloBills tweeted. EndOfTweet Brought me to tears #GodBlessAmerica#GodBlessTheRedWhiteNBlue https://t.co/qRfMupNwk5 EndOfTweet ""Got an Itch"" For the 3rd year in a row, #Chicago ranked No. 1 on Orkin's #bedbug cities list. Did your city avoid a ranking? https://t.co/EiOHlLtQMM EndOfTweet Yum! Bacon Double Inside-Out Meal! In-N-Out Burger expanding east of #Texas, starting with #Tennessee https://t.co/4MUaw3FLqo EndOfTweet #Ukraine News - The #Pentagon plans to bring Ukrainian troops to Oklahoma to train them on the Patriot missile defense systems starting as soon as next week, the Pentagon confirmed Tuesday #Victory4Ukraine https://t.co/tya2OudtSt EndOfTweet ",Happy New Year! https://t.co/FPjfR0rtF5 https://t.co/ypiDQVszPE EndOfTweet ,https://trib.al/uJtkEvN EndOfLink ,,"Driven by faith, data, and positive utility. Ephesians 4:6 ‚ú®Wifey to Matthew üá∫üá∏ EndOfDescr ",https://pbs.twimg.com/profile_images/1091105497024004096/3wOJUNW9_normal.jpg,10,5,1209.2222222222224,8208,75,2485.9778213803643,0.0,0.0,2.5,0.0,0,1,3553,0.1335313926245223,0.5267932163446569,0.060689700415018526,0.060689700415018526,0.060689700415018526,40.2752603433718,False,True,1.8891591637540217,27065,11.67,False,118,0,0.0,0.0,0.0,0.032261359759352425,0.0,0.0,0.0,0.061464233493263076,0.0,0.03804890438914299,0.0,0.0,0.0,0.0,0.0,0.0,0.0,0.0,0.0,0.0,0.0,0.028877889906818218,0.027538599954410038,0.0,0.0,0.0,0.0,0.0,0.0,0.04139766875993122,0.0,0.0,0.07445059005509723,0.04630548303777522,0.0,0.0,0.0,0.045803760601715614,0.0400914614173499,0.0,0.0,0.0,0.0,0.0,0.0,0.0,0.0,0.0,0.0,0.0,0.12626894909031913
11,LAFDtalk,25144145,individual,em,https://t.co/TdJrmbusAg,https://twitter.com/LAFDtalk,#LAFD Talk,"Los Angeles, CA USA",@LAFDtalk is for casual discussion with the Los Angeles Fire Department. For incident alerts follow @LAFD. To report an emergency call or text 911.,125071,2009-03-18 20:15:32+00:00,55353,13287,16800,1686.6,10,1.1,"If perchance you experience household damage from #LARain, we're pleased to share The 9 Steps of Flood Recovery: üîóhttps://t.co/qcsbz2KWj1Please use the free @MyLA311 app or call 311 to report storm damage that *requires action* by @LACity officials:üîóhttps://t.co/yPjOiELd0w https://t.co/ZE9yhgtFsG EndOfTweet During this pause of #LARain, we offer a respectful tip o' the @LAFD helmet to our hard-working colleagues @ReadyLA, @LAPDHQ, all @LACityDPW Bureaus, @LADWP, @LADBS @LADOTofficial, @LACityPets, @LACityParks @MyLA311 *and many others*, who helped #LosAngeles weather the storm! https://t.co/77JIPpe3ws EndOfTweet RT @CaltransDist7: üößüöß UPDATE - SR 27 (Topanga Canyon Blvd) is now OPEN.  #Topanga #Malibu #SR27 #TCB EndOfTweet RT @LADOTofficial: ‚ö†Ô∏èTraffic Closure Alert‚ö†Ô∏è FULL CLOSURE on Nichols Canyon between Wattles and Willow Glen.No thru traffic. Use altern‚Ä¶ EndOfTweet RT @NHTSAgov: Keep kids safe ‚Äî slow down in school zones ‚ö†Ô∏è. In these areas, drivers will see an increase in traffic from school buses üöå, p‚Ä¶ EndOfTweet RT @LADOTofficial: ‚ö†Ô∏èTraffic Alert‚ö†Ô∏èLaurel Canyon Blvd is now open to thru traffic.CLOSURE on Mulholland beginning at Laurel Canyon blvd‚Ä¶ EndOfTweet @LADOTofficial @ReadyLA @ReadyLACounty @LAPDHQ @cd4losangeles @MayorOfLA Along with following @LADOTofficial, @CaltransDist7, @CHP_LA_TRAFFIC and our popular #LATraffic Twitter List: üîóhttps://t.co/OdHcVJ8EFoHere's a roster of 'insider' links to keep you safely moving in #LosAngeles, #LARain or Shine:üîóhttps://t.co/z1HYJ9YxoT EndOfTweet RT @SouthCoastAQMD: #AirQuality Forecast (Wednesday, January 11th): https://t.co/szsyGAFunDüèñ Coastal: Goodüèô LA: Good -to- ModerateüåÖ OC:‚Ä¶ EndOfTweet RT @JohnCena: Your time is not up. Your time is now. EndOfTweet RT @scottburtknx: After the storm.  @knxnews https://t.co/1gqiKlDY6q EndOfTweet ",,https://twitter.com/scottburtknx/status/1613183979569676288/photo/1 EndOfLink ,"California Department of Transportation. Site is not monitored 24/7. Please call 9-1-1 for emergencies. Visit https://t.co/kgk5bf7PmV for current highway closures. EndOfDescr We move LA forward by delivering safe, livable, well-run transportation.Need help? Visit https://t.co/C3K6wUyhjo or call 311.#LADOT #MovingLAForward EndOfDescr The official Twitter account of the National Highway Traffic Safety Administration. Our mission is to save lives and prevent injuries due to traffic crashes. EndOfDescr We move LA forward by delivering safe, livable, well-run transportation.Need help? Visit https://t.co/C3K6wUyhjo or call 311.#LADOT #MovingLAForward EndOfDescr Welcome to the South Coast AQMD Twitter page! We all breathe so we are all connected. Let's Connect to protect our AIR, our HEALTH, our FUTURE! EndOfDescr A forum of thoughts and perspectives designed to ignite conversations and actions leading to growth, and occasional self promotion. #NeverGiveUp #RiseAboveHate EndOfDescr Aviator. Airborne Reporter KNX News 97.1, Los Angeles.  Born in KC, LA is home.   All pics my own, unless specified. EndOfDescr ",,https://pbs.twimg.com/profile_images/889678523702497280/fuOi5nxZ_normal.jpg,10,3,1387.333333333333,3295,4,1319.2545032875364,0.0,0.0,0.0,1.75,2,10,5046,0.1335313926245223,0.21304219765545016,0.2648979617853522,0.28148212699736463,0.0,24.78616726119699,False,True,1.7351264569629226,27065,11.67,False,1252,0,0.0,0.13185450062155726,0.037791566753929313,0.02978848496621305,0.0,0.0,0.13406506621024825,0.0,0.0,0.0,0.0,0.0,0.0,0.0,0.0,0.0,0.0,0.0,0.03230456364425746,0.0,0.0,0.0,0.0,0.0,0.0,0.0,0.0,0.0,0.06282626261765306,0.0,0.0,0.0,0.0,0.0,0.0,0.0,0.0,0.0,0.0,0.0,0.0,0.044699238443916496,0.05472461438991807,0.07787417451089079,0.0,0.0,0.0,0.0,0.10808290845968506,0.0,0.22820338779620103
12,Trazlersgal,50791051,individual,distribution,https://t.co/ud95Xm6CL4,https://twitter.com/Trazlersgal,Janice Dash,"iPhone: 0.000000,0.000000","‚ù§You got to dance like nobody is watching, Dream like you will live forever, Live like you are going to die tomorrow and Love like its never going to hurt.‚ù§",261098,2009-06-25 22:23:33+00:00,11321,7768,23,2.3,1,0.3,"Buttigieg says no 'nefarious' cause found so far https://t.co/eDOhXmU9j9 via @NBCNews #ComputerOutage #Airlines EndOfTweet #France and #Poland push #Germany to send Leopard tanks to #Ukraine https://t.co/b8rv3mAF2y #RussiaUkraineConflict #LeopardTanks EndOfTweet #UK and #Poland confirm plans to send modern heavy tanks to #Ukraine https://t.co/HZ6Ibai1xR #RussiaUkraineConflict EndOfTweet #Yellowstone‚Äôs #KevinCostner Named the 2023 Golden Globes Best Actor in a #DramaSeries https://t.co/Ay4a8bcYRp via @people #GoldenGlobes2023 #GoldenGlobes EndOfTweet Past experiences could have convinced you not to share with yo... More for Gemini https://t.co/3GM3yP8Vu6 EndOfTweet @AnnaYellow318 @destroy_time @SONICriderNL @Petchary @mirtaimperatori @ElecCafe @datsyuklover @DonnaFins @DjCakazhombi @escaped_ferret @SpaceMonkey111 Thanks Anna! Goodnight! Have a lovely day! üíõü§óüåºü¶ãüå∫ EndOfTweet RT @Melissassmile: üé∂ Singing in the rain üé∂ #AngelmanSyndrome #AmazingMelissaGrace https://t.co/yPHqT0ecjr EndOfTweet @AnnaYellow318 @destroy_time @SONICriderNL @Petchary @mirtaimperatori @ElecCafe @datsyuklover @DonnaFins @DjCakazhombi @escaped_ferret @SpaceMonkey111 Wow! I wish the temps where I am would be at 28C lol but I will have to wait a bit for that to happen‚Ä¶I will take Spring weather for now but looking forward to hotter days in the Summer. I just don‚Äôt like when it gets to hot lol üíõü§óüåºü¶ã EndOfTweet ‚Äò#TheWalkingDead: #DeadCity‚Äô Shifts to June Premiere, AMC Sets Timeline for ‚ÄòDaryl Dixon‚Äô and #AndrewLincoln-#DanaiGurira Spinoffs https://t.co/ies5GWwplm via @variety #Spinoffs EndOfTweet ‚Äò#TheLastOfUs‚Äô: A Finer Version of ‚Äò#TheWalkingDead‚Äô and #HBO‚Äôs Next Big Hit https://t.co/iMA5jarRSh via @RollingStone EndOfTweet ",,https://www.rollingstone.com/tv-movies/tv-movie-reviews/the-last-of-us-review-hbo-zombies-neil-druckmann-pedro-pascal-bella-ramsey-1234655768/ EndOfLink ,"Raising awareness of ANGELMAN SYNDROME National Diversity Award Positive Role Model Winner 2022, Points of Light Award 2022, BCyA 2022 #AmazingMelissaGrace EndOfDescr ",,https://pbs.twimg.com/profile_images/927873815/f7f49435-0c29-4c9a-ad3f-cb1afa72d1b6_normal.png,10,4,6832.666666666668,32863,48,12014.191367804253,0.3333333333333333,0.0,1.0,0.25,0,1,4947,0.3144084746824911,0.36157373634686696,0.36157373634686696,0.36157373634686696,0.4015334646461721,52.779058014958565,False,True,1.4270610433807245,27065,11.67,False,803,0,0.0,0.0,0.0,0.0,0.042952956462448295,0.04536791450598023,0.0,0.0,0.0,0.0,0.0,0.0,0.04616178809241815,0.03345823965289376,0.0,0.0,0.03516543013128368,0.0,0.0,0.0,0.0,0.0,0.0,0.0,0.0,0.0,0.0,0.0,0.0,0.0,0.035384545610709625,0.0,0.058124100958759126,0.0,0.04041904312643138,0.0,0.0,0.0,0.0,0.04049371284517375,0.0,0.0,0.0,0.0,0.0,0.0,0.0,0.033667460761286995,0.0,0.0,0.15408459298677596
13,wildfirediva,104262458,individual,em,https://t.co/qnq7Mlp2qz,https://twitter.com/wildfirediva,Doloresü¶â,Southwest US - PHX,"she/her*Personal Account* Wildfire Mgmt 26+ yrs, #PIO & PAO |#SMEM| News Junkie |Nerd |Foodie |Cooking |Locavore |Travel |Wellness| Sustainability |Community",134830,2010-01-12 20:22:46+00:00,4031,4913,2674,646.9,1,0.1,"Craving steamed brocolli this morning. I must need all the goodness brocolli provides. It's also brocolli harvesting time in Yuma and it must be in the air. https://t.co/q7EkjwRNme EndOfTweet RT @PressSec: The President has been briefed by the Secretary of Transportation¬†this morning¬†on the FAA system outage. There is no evidence‚Ä¶ EndOfTweet RT @KirkMasonWWMT: The FAA has ordered airlines to pause all domestic departures until 9 a.m. Eastern Time following this morning's compute‚Ä¶ EndOfTweet RT @FAANews: All flights currently in the sky are safe to land. Pilots check the NOTAM system before they fly. A Notice to Air Missions ale‚Ä¶ EndOfTweet RT @FAANews: Update 4: The FAA is making progress in restoring its Notice to Air Missions system following an overnight outage. Departures‚Ä¶ EndOfTweet @NotNormalIndstr Thanks. EndOfTweet RT @bensweather: Light snow continues to fall over the San Bernardino Mtns tonight where a Winter Weather Advisory is in effect through 10p‚Ä¶ EndOfTweet RT @RaCERSJJC: America is Still Burning: FEMA, U.S. Fire Administration Releases Executive Summary Report Underscoring Nation‚Äôs Increasing‚Ä¶ EndOfTweet RT @CBSSacramento: This East Sacramento home was struck by an uprooted tree after the recent storms. What are you seeing in your neighbor‚Ä¶ EndOfTweet RT @RepKatiePorter: I‚Äôve been pushing to give the IRS the resources it needs to serve taxpayers and crack down on ultra-wealthy tax cheats.‚Ä¶ EndOfTweet ",,,"35th White House Press Secretary EndOfDescr Husband, father of two boys. @IUBloomington Alum. Wake up at 2:30AM! (No Sleep) Morning Anchor EndOfDescr Official twitter account of the Federal Aviation Administration. Following, mention or RT does not mean endorsement. EndOfDescr Official twitter account of the Federal Aviation Administration. Following, mention or RT does not mean endorsement. EndOfDescr Ben Brissey - Chief Meteorologistfor KBHR 93.3FM, AMS-NWAThe San Bernardino Mountains Most Accurate Source for Weather! (N6BWX) EndOfDescr Christian Regenhard Center for Emergency Response Studies (RaCERS) at John Jay College of Criminal Justice of CUNY. A first responder applied research center. EndOfDescr Official Twitter account of CBS13 in Sacramento. Follow us for breaking local and California news and discussion. EndOfDescr Minivan-driving single mom, law professor, consumer advocate üöôüë©üèª‚Äçüè´ Usually carrying a whiteboard, always bringing the receipts üßæ EndOfDescr ",,https://pbs.twimg.com/profile_images/1422640810755911682/P_gMSFMk_normal.jpg,10,5,5118.333333333333,35740,8,11159.314883390769,0.0,0.0,0.0,2.0,0,1,4746,0.1163664230939352,0.36157373634686696,0.36157373634686696,0.4015334646461721,0.4015334646461721,28.409186683522968,False,True,1.3030924037617193,27065,11.67,False,363,0,0.0,0.0,0.0,0.0,0.0,0.0,0.0,0.0,0.0,0.06227861785075881,0.06302563338117166,0.0,0.0,0.0,0.0,0.0,0.0,0.0,0.0,0.0,0.0,0.0,0.029317423362623562,0.0,0.0,0.0,0.03615562787110156,0.0,0.030471117997711357,0.0,0.0,0.0,0.0,0.06365179778500038,0.0,0.0,0.0,0.0,0.087084944952618,0.0,0.0,0.0,0.036734187128868966,0.0,0.0,0.0,0.0,0.0,0.11110269650816916,0.0378645465455272,0.21806436057621745
14,ABC7,16374678,organization,media,https://t.co/JHh3Ukr3JD,https://twitter.com/ABC7,ABC7 Eyewitness News,,"Your #1 breaking news and local news source in Southern California and the greater Los Angeles area. When you witness news, share it with #abc7eyewitness.",267583,2008-09-20 04:22:30+00:00,1249471,494,24,7.4,95,33.0,"Did you feel it? A magnitude 3.3 earthquake struck near Idyllwild in Riverside County, the U.S. Geological Survey says. EndOfTweet A rare green comet is expected to pass by Earth this week for the first time in 50,000 years and will be visible in the night sky for nearly a month, according to NASA. üíö‚òÑÔ∏è https://t.co/TOiTlpbb0m https://t.co/4GmNWJlKfW EndOfTweet RT @abc7espanol: California trataba el mi√©rcoles de limpiar los destrozos dejados por varias tormentas y reparar los da√±os generalizados co‚Ä¶ EndOfTweet RT @abc7espanol: La Administraci√≥n Federal de Aviaci√≥n levant√≥ la orden de mantener en tierra todos los vuelos en EE.UU., luego de una fall‚Ä¶ EndOfTweet SHOCKING: A woman opened the door to her Koreatown apartment to find an intruder who drenched her in boiling water before threatening her with a kitchen knife. https://t.co/lbeJDLvYw7 https://t.co/P8Xo3S7V9G EndOfTweet The business owner defended his actions, saying he was frustrated with the inability of the city to get help for the homeless woman. He said he finds it hard to apologize https://t.co/eBX4gbz8vc EndOfTweet Damar Hamlin has been released after being hospitalized for more than a week due to a cardiac arrest he suffered during a ""Monday Night Football"" game earlier this month, the Buffalo Bills said. üôèüèª https://t.co/WsXdu15Zhs https://t.co/4ITgdrEiSF EndOfTweet #BREAKING Damar Hamlin discharged from Buffalo hospital, will continue rehab at home https://t.co/WsXdu15Zhs EndOfTweet A Malibu man is living proof that sometimes the smallest decisions in life, no matter how trivial they seem, could save your life. He narrowly missed being hit by a rockslide, and his car was crushed instead. https://t.co/S5h6YliUBI EndOfTweet What is NOTAM, the FAA computer system that halted all U.S. flights? https://t.co/ClxrKbrx56 EndOfTweet ",,https://abc7.la/3ZrUqte EndOfLink ,"Noticias de √∫ltima hora, tr√°fico y clima las 24 horas del d√≠a.  Lider de noticias de Los √Ångeles y el sur de California. EndOfDescr Noticias de √∫ltima hora, tr√°fico y clima las 24 horas del d√≠a.  Lider de noticias de Los √Ångeles y el sur de California. EndOfDescr ",,https://pbs.twimg.com/profile_images/1481425681238007809/esHx8IaQ_normal.jpg,10,3,1356.111111111111,2831,490,863.1878184245552,1.0,35.5,165.0,0.5,24,95,5226,0.1335313926245223,0.1882869412068806,0.26958846425087857,0.037184963741115296,0.0,51.20225794106391,False,True,2.0431918705451206,27065,11.67,False,6289,0,0.0,0.0,0.10218595611778172,0.0,0.0,0.0,0.0,0.0,0.0,0.0,0.0,0.0,0.0,0.0,0.031101322648200126,0.0,0.04249444502321156,0.0,0.0,0.0,0.0,0.044597600332715294,0.060296168720180336,0.0,0.02868431975895708,0.0,0.0,0.049557599493048415,0.06998245587403124,0.0,0.0,0.0,0.0,0.0,0.0,0.0,0.0,0.0,0.0,0.0,0.0,0.0,0.0,0.0,0.028705018826506355,0.0,0.0,0.0,0.03811912001533942,0.0,0.1999741691522121
15,SoCalFirePhoto,504961281,organization,em related,,https://twitter.com/SoCalFirePhoto,SoCalFirePhoto,"Santa Clarita, CA",Ryan & Samantha - Fire Photographers based out of Southern California *Please contact us for information on licensing of our photos and videos*,12133,2012-02-26 20:33:53+00:00,12447,2105,83,30.7,0,0.0,"RT @CaltransDist7: Angeles Forest update: State Route 2 closed in both directions from 2.2 miles north of I-210 to Angeles Forest Hwy &amp; aga‚Ä¶ EndOfTweet RT @santaclarita: ALERT: A tree is down on McBean Parkway, south of Decoro Drive, that is blocking traffic in both directions. Crews are on‚Ä¶ EndOfTweet RT @mrwx4caster: Here's something you don't see everyday. The last 120 mins. of Lightning strikes, off the #cawx coast, an  almost continou‚Ä¶ EndOfTweet RT @LAFDtalk: Your #LAFD conducted a high-angle rope rescue operation off of the aerial ladder to rescue the two patients trapped in the bo‚Ä¶ EndOfTweet RT @SCV_Incidents: #Newhall | The Old Road is now closed both ways at Weldon. #Mudslide EndOfTweet RT @santaclarita: A flash flood warning is in effect in Santa Clarita until midnight tonight. EndOfTweet RT @LAFD: LAFD Alert-Update Chatsworth Traffic - SINK HOLE 11414 Iverson Rd MAP:  https://t.co/x3l2VTcaeP FS96; DETAILS: https://t.co/6xsPh‚Ä¶ EndOfTweet RT @VCscanner: The Santa Clara River at Victoria Ave has reached 51.12 feet. https://t.co/PFK8g9tDXL EndOfTweet RT @NWSLosAngeles: At 820 pm, Cogswell Dam in Bobcat burn scar reported 1.14 inches of rain in the past hour. A Flash Flood Warning remains‚Ä¶ EndOfTweet RT @NewsSourceLA: @LACOFD 126 preforming a ladder rescue on the stranded motorist in #Castaic, just north of #santaClarita. https://t.co/yl‚Ä¶ EndOfTweet ",,,"California Department of Transportation. Site is not monitored 24/7. Please call 9-1-1 for emergencies. Visit https://t.co/kgk5bf7PmV for current highway closures. EndOfDescr Official Twitter account for the City of Santa Clarita, CA. EndOfDescr Atmos-Physicist/Meteorologist/‚õµÔ∏èSailor/üèéWRX Rally/üöÄSpace/üå™Chaser/üèÉ‚Äç‚ôÇÔ∏è/üèãÔ∏è‚Äç‚ôÇÔ∏è/üèÇ/ ‚ôçÔ∏è/‚òïÔ∏è is my vice.-‚ÄúEverywhere you go...always take the weather with you"" EndOfDescr @LAFDtalk is for casual discussion with the Los Angeles Fire Department. For incident alerts follow @LAFD. To report an emergency call or text 911. EndOfDescr A police scanner and general info page mostly for the Santa Clarita Valley. We are not affiliated with any government agency including the LA Sheriffs Dept. EndOfDescr Official Twitter account for the City of Santa Clarita, CA. EndOfDescr An all-risk life safety agency protecting the City of Los Angeles. To report an emergency, call or text 911. EndOfDescr Tweeting breaking news from across Ventura County, CA as it happens. **All tweets are unofficial**PayPal: https://t.co/0AVgPM0gooVenmo: @vcscanner EndOfDescr Official Twitter account for the National Weather Service Los Angeles. Details: https://t.co/XR2Jbn9brl EndOfDescr News gathering company providing televised video content for Los Angeles TV: CBS 2, NBC 4, KTLA 5, ABC 7, KCAL 9, FOX 11, & National News. #USC Trojan ‚úåÔ∏è EndOfDescr ",,https://pbs.twimg.com/profile_images/1856112067/fire_background_normal,10,5,5936.777777777777,46297,35,14289.88464907784,0.0,0.0,0.0,2.5,0,0,3971,0.1335313926245223,0.21304219765545016,0.02441320846401429,0.1322073455925471,0.060689700415018526,3.0554016620498614,False,True,2.197224577336219,27065,11.67,False,277,0,0.0,0.15459798005494205,0.0,0.02339946444738995,0.0,0.0,0.09957905283028427,0.0,0.0,0.0,0.0,0.0,0.02559725161303173,0.0,0.0,0.02526452223008329,0.0,0.0,0.0,0.0,0.0,0.018057249147783627,0.0406350503590974,0.0,0.0,0.0,0.0,0.0,0.05297943306240169,0.0,0.0,0.0,0.0,0.0,0.0,0.0,0.0,0.0,0.0,0.0,0.0,0.0,0.08272529765963554,0.0,0.0,0.0,0.0,0.0,0.1782903146337379,0.0,0.2307838370397893
16,Kamscan,303363835,feed based,distribution,,https://twitter.com/Kamscan,Kamscan,Kamloops ,Kamloops Scanner  We would appreciate any token of support thank you from Kamscan https://t.co/Be8het7HIB.  kamscan,82602,2011-05-22 18:55:14+00:00,15691,4999,2388,674.2,2,0.2,"@Miss_KittyCat80 @steeletalk Last I saw its fixed ,planes starting to be cleared to depart EndOfTweet RT @FAANews: Update 5: Normal air traffic operations are resuming gradually across the U.S. following an overnight outage to the Notice to‚Ä¶ EndOfTweet RT @dim0kq: That‚Äôs a great article I absolutely suggest to peek into our day to day work.Dzyga‚Äôs Paw üí™ üí™ üí™ https://t.co/aEnOVi1YPP EndOfTweet RT @marson_jr: When Ukrainian soldiers on the front line need new drones or Starlinks, they call people like @dim0kq, whose charity fund @d‚Ä¶ EndOfTweet RT @wipljw: üá¨üáßBoeing RC-135W Rivet Jointüá¨üáß2 x Eurofighter Typhoon FGR.4#BlackSea https://t.co/TRFhma6vh9 EndOfTweet RT @PressSec: The President has been briefed by the Secretary of Transportation¬†this morning¬†on the FAA system outage. There is no evidence‚Ä¶ EndOfTweet RT @yvrairport: Important Travel Update ‚Äî this issue may impact flights to/from the US today. Check directly with your airline for flight s‚Ä¶ EndOfTweet RT @FAANews: Update 4: The FAA is making progress in restoring its Notice to Air Missions system following an overnight outage. Departures‚Ä¶ EndOfTweet RT @DeItaone: U.S. FAA SAYS ALL FLIGHTS CURRENTLY IN THE SKY ARE SAFE TO LAND EndOfTweet RT @flightradar24: Flights to US airports have been groundstopped by the FAA until at least 09:30 ET (1430 UTC). This means any flight not‚Ä¶ EndOfTweet ",,,"Official twitter account of the Federal Aviation Administration. Following, mention or RT does not mean endorsement. EndOfDescr Founder of üá∫üá¶ military charity fund @dzygaspaw. Former Software Engineer, Leader @lvivdotnet. I love my dog. Support charity üêæ - PayPal d1mnewz@gmail.comü´° EndOfDescr Hetman in Kyiv for The Wall Street Journal EndOfDescr üáµüá±only Polish language EndOfDescr 35th White House Press Secretary EndOfDescr Official account for YVR ‚úàÔ∏èFor assistance, DM or call 604.207.7077. YVR is on the unceded territory of the x ∑m…ôŒ∏k ∑…ôyÃì…ôm (Musqueam) people.FR: @yvraeroport EndOfDescr Official twitter account of the Federal Aviation Administration. Following, mention or RT does not mean endorsement. EndOfDescr Donate - https://t.co/XajKADUFI7Discord - https://t.co/QU6UAomk32 EndOfDescr Track air traffic in real time from all around the world! Apps: https://t.co/AnZhJUIrBg | FAQ: https://t.co/WkTgAaePHs | Support: https://t.co/BomORktp7R EndOfDescr ",,https://pbs.twimg.com/profile_images/1609858428872318976/WAZG8p5x_normal.jpg,10,9,359.88888888888886,930,47,258.6462382158493,0.0,0.0,0.0,2.25,0,2,4252,0.21304219765545016,0.02774563051413081,0.0,0.0,0.0,19.42662276575729,False,True,1.7351264569629228,27065,11.67,False,159,0,0.0,0.07458222420378165,0.0,0.03675275262106548,0.0,0.0,0.03978560593995181,0.04150462319905108,0.0,0.04775843870910732,0.0,0.0,0.0,0.0,0.0,0.0,0.0,0.0,0.0,0.0,0.0,0.0,0.04666554792360826,0.0,0.0,0.0,0.036215972832658073,0.0,0.1105785332620144,0.0,0.0,0.0,0.0,0.0,0.0,0.0,0.0,0.0,0.06018190797079692,0.0,0.0,0.0,0.03581011803312735,0.0,0.0,0.0,0.0,0.0,0.0,0.0,0.19317413834863725
17,FOXLA,9648652,organization,media,https://t.co/R7oV4eT8Wh,https://twitter.com/FOXLA,FOX 11 Los Angeles,"Los Angeles, CA","Official FOX 11 Los Angeles account for #LA News. Send news tips to fox11news@fox.com, DM @foxladesk or call 310-584-2025. Follow @GDLA, too!",245554,2007-10-24 08:04:57+00:00,373287,15408,8,1.9,15,5.4,"Julia Garner came away a double nominee, for ‚ÄúOzark‚Äù and ‚ÄúInventing Anna.‚Äù Zendaya scored her first SAG nomination for her leading performance in ‚ÄúEuphoria.‚Äù  https://t.co/NSnw3Wb4wg EndOfTweet The smart stroller is sure to turn your baby into something akin to a James Bond villain with high-tech features like environmental danger alerts, intelligent braking and 360-degree monitoring.  https://t.co/I1UgN5X4JQ EndOfTweet To celebrate Disney's 100th anniversary, the resort says it's making it a little easier to get its cheapest admission ticket for Disneyland.  https://t.co/Ogz6U2OhZA EndOfTweet Nearly 100 California state parks were closed or partially closed because of the state's relentless storms, which have wreaked havoc since the day after Christmas.  https://t.co/hubxjuuiKv EndOfTweet The Hollywood A-lister was spotted at a Massachusetts doughnut shop handing out food and drinks to star-struck customers.  https://t.co/V5kpX882aR EndOfTweet RT @Stu_Mundel: Things we see from #SkyFox Hollywood Hills!!! https://t.co/BIxi9eecN5 EndOfTweet In an ominous phone call Thursday morning hours before the robbery at El Ranchito that would end his life, 30-year-old Eric Eugene Washington promised his mother, Corine Goodman, he would do better.  https://t.co/vo1c7lpYsU EndOfTweet The IRS said that it has issued tax refunds to millions of Americans who overpaid taxes on their unemployment benefits during the first year of the pandemic.  https://t.co/Q1SikVXQmO EndOfTweet Three of the five most congested cities in the world are here in the U.S. Did yours make the list?  https://t.co/y8wD9eocxz EndOfTweet FOX 11's Christine Devine catches up with Maggie Lin, who we previously featured on Wednesday's Child. Now, she has grown into a Los Angeles community leader.  https://t.co/S6ZjVFFGnQ EndOfTweet ",,https://www.foxla.com/news/wednesdays-child-community-honors-foster-nation-founder?taid=63beee9ad7e86d0001183196&utm_campaign=trueanthem&utm_medium=trueanthem&utm_source=twitter EndOfLink ,Aerial photo journalist in SkyFox. Blessed & love my job. GRANDPA & father to 4 Observer of life. Carpenter & car enthusiast. #SkySnitch EndOfDescr ,,https://pbs.twimg.com/profile_images/1591469371280355328/RbmDTdja_normal.jpg,10,5,900.0,1804,244,381.84057173409724,0.3333333333333333,3.6666666666666665,18.0,0.25,4,15,5558,0.36157373634686696,0.3708485920994484,0.022767406541072385,0.0,0.0,44.18028067650234,False,True,1.002718264517516,27065,11.67,False,3295,0,0.0,0.0,0.0,0.035928971726786,0.03502120382406495,0.0,0.045854996212504134,0.0,0.0,0.0,0.0,0.0,0.047036235644058746,0.0,0.0,0.0,0.0,0.0,0.0,0.0,0.0,0.03788860921155323,0.0,0.0,0.0,0.0,0.040649318220940506,0.0,0.0,0.0,0.0,0.0,0.0,0.0,0.03427001325921579,0.047000274062156684,0.04614910178563812,0.0,0.0,0.0,0.0,0.0,0.0,0.0,0.0,0.0,0.0,0.0,0.03661840849302032,0.0,0.14080850001344072
18,AzusaPD,1152267792,organization,em,https://t.co/qon9ivn8Ku,https://twitter.com/AzusaPD,Azusa Police,"Azusa, California","Dial 911 for emergencies! AZPD uses TW to share with & to listen to our community. Following is not an endorsement, just a chance to engage. Not monitored 24/7.",4834,2013-02-05 22:52:16+00:00,24403,3806,14,5.2,54,14.3,"https://t.co/pOZwwMZ6bq https://t.co/gvVCIiwY1o EndOfTweet https://t.co/0Y8JSBmnr1 https://t.co/1QND0zJtHI EndOfTweet Officer Involved Shooting at 900 Blk. W. Sierra Madre Ave. East/West traffic closed at Vernon to Todd. Investigation is being handled by LASD- Homicide. For media inquiries please contact LASD. #azusa #OIS #azpd https://t.co/UlHCJ2kuRG EndOfTweet **update as of 8:15 pm**   Situation on Arrow Highway has safely been resolved and traffic in both directions  will be reopening shortly. Thank you for your patience. https://t.co/FHAXuG20Ae EndOfTweet @SGVCityWatch Command Post is at Arrow\Cerritos EndOfTweet ***Police Activity - 500 E. Arrow Hwy. ***Azusa PD is currently working an incident in the 500 block of E Arrow Hwy. As a result, Arrow Hwy is closed between Azusa Ave and Cerritos Ave - Please use alternate route https://t.co/N8wjZ4KxB5 EndOfTweet Press Release: https://t.co/GghfFlqTbx EndOfTweet ROAD CLOSED-Major Traffic Collision Investigation:Azusa PD is working a major traffic collision at the intersection of Azusa Ave./ Gladstone St. As a result, the intersection is closed until further notice... Please avoid the area and use alternate routes until further notice. https://t.co/hca5N3Uib4 EndOfTweet RT @APUCampusSafety: (2/2) Law enforcement continues to search West Campus at this time.There may be police roadblocks restricting vehicl‚Ä¶ EndOfTweet RT @APUCampusSafety: (1/2) **Emergency Update**Law enforcement has cleared all APU living areas and East Campus. Residential students may‚Ä¶ EndOfTweet ",,,The official account for APU Campus Safety. APU Campus Safety is available 24/7 at (626) 815-3898. This account is not monitored 24/7. EndOfDescr The official account for APU Campus Safety. APU Campus Safety is available 24/7 at (626) 815-3898. This account is not monitored 24/7. EndOfDescr ,,https://pbs.twimg.com/profile_images/952616204144803840/3P2FgcxG_normal.jpg,3,2,35790.88888888888,84270,2,34476.149457735264,1.0,21.0,71.5,0.5,14,54,3626,0.1335313926245223,0.1335313926245223,0.1335313926245223,0.1335313926245223,0.03975540251546384,1.3331494760066191,False,True,2.19722457733622,27065,11.67,False,265,0,0.0,0.19476657936518846,0.0,0.0,0.0,0.0,0.0,0.0,0.0,0.0,0.0,0.0,0.0,0.0,0.02727106721563773,0.0,0.046284997666423966,0.032588335262103515,0.0,0.0,0.0,0.033116044984622436,0.06695682182908058,0.0,0.0,0.0,0.0,0.0,0.0,0.0,0.0,0.0,0.0,0.0666649609126828,0.0,0.0,0.0,0.0,0.04983473873951218,0.0,0.0,0.02866402099078352,0.0,0.0,0.0353835140439597,0.0,0.0,0.0,0.0,0.0,0.16840706286056925
19,ShorealoneFilms,209681820,individual,media,,https://twitter.com/ShorealoneFilms,Matt Hartman,"Los Angeles, CA","Freelance News Photojournalist, AP Freelance Photographer, Aerospace Photographer, FLICKR https://t.co/ZLXALEAPyj, https://t.co/1NCqw0SKGG",404758,2010-10-29 17:50:48+00:00,6338,1580,81,13.9,2,0.3,"#foryouMUST_GO !!! EndOfTweet RT @OC_Scanner: Hey @elonmusk the ‚Äúfor you‚Äù tab sucks We don‚Äôt want Tik tok EndOfTweet RT @CraigNews3LV: Disgraced #LosAngeles Councilmember Kevin DeLeon is present at this morning‚Äôs meeting.  The room is filled with protestor‚Ä¶ EndOfTweet Virgin Orbit's Failed Rocket Seen Crashing Back to Earth in Fiery Video https://t.co/bIdjoL8fqE EndOfTweet @StargazerLzt WOAH!!! EndOfTweet RT @StargazerLzt: Reentrada de la 2¬™ etapa del cohete Launcher One de Virgin Orbit en su misi√≥n fallida ""Start Me Up"" 09-01-2023 a las 23:1‚Ä¶ EndOfTweet RT @mikeskup: @ablspacesystems https://t.co/BS9yE8ppe2 EndOfTweet RT @ablspacesystems: As expected in this scenario, there is damage to the launch facility. All personnel are safe, and fires have subsided.‚Ä¶ EndOfTweet RT @ablspacesystems: Early in today's flight, all nine of RS1's E2 engines shut down simultaneously. RS1 impacted the pad and was destroyed. EndOfTweet RT @LAHumanBot: Metro | Eagle Rock resident who has lived in Los Angeles for about a year after moving from North Carolina, and now claims‚Ä¶ EndOfTweet ",,,"Tweeting intelligence/Public Safety Information in OC (OCFA kinda reversed encryptions) SoCal and beyond. Radio Traffic isn‚Äôt the Final Word. #ScannerOn #OSINT EndOfDescr KNX #LosAngeles‚Äî formerly NBC #LasVegas, @NBCLA, @LogoTV, @CBSLA KCAL9, @ABC30 & @KESQ. @SAGAFTRA #LasVegasShooting- 58 dead 10.1.2017. #SaugusStrong EndOfDescr Astronom√≠a-Astron√°utica Playa Blanca-Lanzarote / Colaborador de SPanish Meteor Network (SPMN) /  Ram√≥n L√≥pez #QUEDALanzarote EndOfDescr  EndOfDescr We build rockets to launch small satellites EndOfDescr We build rockets to launch small satellites EndOfDescr Parody, L.A. style, inspired by the great New York Times Pitchbot. From L.A. to New York times are unsettling and we need a something to laugh at today. EndOfDescr ",,https://pbs.twimg.com/profile_images/964381674426347521/dPpNUHvT_normal.jpg,10,6,886.5555555555555,3404,10,1145.3570148028189,0.0,0.0,0.0,1.75,0,2,4457,0.03975540251546384,0.21304219765545016,0.4517350107660052,0.2447786252274913,0.0,90.81400044873232,False,True,1.303092403761719,27065,11.67,False,435,0,0.0,0.050036825832318166,0.038492065854370594,0.0,0.0,0.0,0.04965492397208105,0.0,0.0,0.0,0.0,0.0,0.0,0.08909770837900312,0.0,0.0,0.0,0.044274002906273716,0.0,0.0,0.0,0.0,0.03890863594345071,0.0,0.0,0.0,0.0,0.0,0.12593834364617412,0.0,0.05541165206920017,0.024102106605741108,0.0,0.0,0.0,0.0,0.0,0.0,0.0,0.0,0.0,0.04173259428617629,0.0,0.0,0.0,0.0,0.0,0.0,0.0,0.0,0.22008254757873505
20,tina_patel,233168568,individual,media,,https://twitter.com/tina_patel,Tina Patel,"Los Angeles, CA",@CBSLA & KCAL-TV News Reporter. Adjunct faculty for @USCAnnenberg. Proud Jersey girl.,18951,2011-01-02 13:55:35+00:00,6227,632,10,1.7,36,7.6,"Street services crews are clearing the mud and debris from Nichols Canyon. But it‚Äôs not clear if the hillside is stable and if the road will re-open immediately. #KCALNews @CBSLA https://t.co/n19FZ2J4NQ EndOfTweet The rain may be gone, but the ground in the Hollywood Hills is still saturated. This slope along Nichols Canyon gave way overnight, blocking the road completely. #KCALNews @cbsla https://t.co/GMlsua9ObZ EndOfTweet @PaulMatadeen @CBSLA #yeswx EndOfTweet Several cars are still submerged on Fredonia Drive in Studio City. #KCALNews @cbsla https://t.co/rr38DcbtFQ EndOfTweet @wp_burgess Cross street is Wrightwood EndOfTweet @wp_burgess Fredonia Dr, Studio City EndOfTweet Uh oh.. there‚Äôs a mascot trying to steal my job! Athough I could use a day off. @RampageNFL, are you free tomorrow? https://t.co/j1HSBpt6gv EndOfTweet We waded through a few feet of water and mud to get a better look at this debris flow in Studio City. Roads are closed, but firefighters say there was no structural damage to any homes. #KCALNews @CBSLA https://t.co/eXqPyWTse2 EndOfTweet @jamieyuccas @RudabehShahbazi @CBSLA It‚Äôs only 8 am?? üò©üò© EndOfTweet A Studio City homeowner just showed me the creek in her backyard. It looks like some large logs and mud came down the hill overnight, flooding a basketball court down below. #KCALNews @CBSLA https://t.co/vC9x8ovXUo EndOfTweet ",Good morning. It‚Äôs still raining. Back to you in the studio. üåßÔ∏è EndOfTweet ,https://twitter.com/tina_patel/status/1612854499554787328/video/1 EndOfLink ,,The Official Mascot of the Los Angeles Rams üêè Professional Hype-Ram | Published Author | Super Bowl LVI Champion | ‚ÄúThe Homie‚Äù ‚Äî O‚ÄôShea Jr. #RamsHouse üêèüè° EndOfDescr ,https://pbs.twimg.com/profile_images/2350540626/1r4ekt22fh0yp43dytef_normal.jpeg,8,4,10460.555555555555,63022,3,19183.93789438973,0.0,4.25,19.0,0.0,10,36,4392,0.1335313926245223,0.01500014606689426,0.01500014606689426,0.14177590913090987,0.08019909629256694,4.314890710382514,False,True,1.831020481113516,27065,11.67,False,199,0,0.0,0.1435246586122296,0.05099382894960317,0.0,0.0,0.0,0.08218858289447697,0.0,0.0,0.0,0.0,0.0,0.06661394069140608,0.0,0.0,0.0,0.0,0.0,0.0,0.04912214624610814,0.0,0.0,0.0,0.052457357333465064,0.0,0.0,0.09593808210708878,0.0,0.0,0.0,0.0,0.0,0.0,0.0,0.0,0.0,0.0,0.03261428427967158,0.0,0.0472174192016775,0.0,0.0,0.0,0.0,0.0,0.0,0.0,0.0,0.06997051868926395,0.0,0.13817428129731574
21,TopFeaturedcom,2693954383,feed based,distribution,https://t.co/fosuLcz5M0,https://twitter.com/TopFeaturedcom,TopFeatured.com,Top Featured Content: GO üëâ,Top Featured BusinessesNews | Products | Serviceshttps://t.co/7niYBPGl51,9693,2014-07-30 21:11:02+00:00,7957,7509,0,0.0,0,0.0,"Reported: X marks the spot: newly released #treasure #map sparks #hunt for ¬£15m Nazi hoard... https://t.co/AbxG2gMywQ EndOfTweet Reported: #Ukrainians to start #training on #Patriot #missiles in US as soon as next week, officials say... #russia #ukraine #nuclear #putin #war #nukes #videos #news ...more https://t.co/iVeEiHjfEFhttps://t.co/GDNd8EkKQw EndOfTweet Reported: Vladimir Putin deploys huge nuke-capable #weapon dubbed 'Sledgehammer' to Ukraine... #russia #ukraine #nuclear #putin #war #nukes #videos #news ...more https://t.co/iVeEiHjfEF https://t.co/Wk8fsirZZM EndOfTweet Reported: Russia is now fighting NATO in Ukraine, top Putin ally says...#russia #ukraine #nuclear #putin #war #nukes #videos #news ...more https://t.co/iVeEiHjfEFhttps://t.co/1snuD1h3o3 EndOfTweet Reported: U.S. #banks get ready for shrinking #profits and recession...#economy #banking #inflation #stagflation #investing #money #financial #news ...more https://t.co/iVeEiHjfEFhttps://t.co/dyDD0o6pu8 EndOfTweet NOBODY TOLD ME...John Lennon https://t.co/l3lVnXDWsI via @YouTube EndOfTweet Because at the end of the day, real people stand up for you... Real people show up... Real people care, not only when things are convenient... but when there are hurdles to jump... #realSt. Eve EndOfTweet @DomainKing I've know Rick 20+ years, to me he fits this description... Thank you., sir... https://t.co/kD3DB9EOKA EndOfTweet https://t.co/GKMls2v2PO EndOfTweet Reported: Great #SaltLake is set to EVAPORATE within five years due to ongoing '#megadrought' and failure to replenish #water taken from the famous #Utah site as #water levels slump 73%. Could also send arsenic-laced dust into air.https://t.co/iVeEiHjfEFhttps://t.co/TPqAtYWbhj EndOfTweet ",,http://TopFeatured.com EndOfLink https://www.dailymail.co.uk/news/article-11608601/Great-Salt-Lake-set-DISAPPEAR-five-years-ongoing-megadrought.html EndOfLink ,,,https://pbs.twimg.com/profile_images/494597042891550721/_midRDfm_normal.jpeg,5,2,20488.44444444444,82754,99,27543.40555120272,0.0,0.0,0.0,0.0,0,0,3086,0.1335313926245223,0.1335313926245223,0.1335313926245223,0.1335313926245223,0.03975540251546384,3.140959170447181,False,True,2.19722457733622,27065,11.67,False,72,0,0.0407156686891209,0.03104630891572345,0.0,0.0,0.0,0.0,0.0,0.0,0.0,0.0,0.0,0.0,0.0,0.0,0.0296774452382868,0.0,0.0,0.07562900334596634,0.030839779837564987,0.0,0.0,0.0,0.0,0.0,0.0,0.0,0.0,0.0,0.090160073204474,0.0,0.04110095514492555,0.0,0.0,0.09598459642041814,0.0,0.0,0.0,0.0,0.0,0.0,0.0,0.0,0.0,0.0,0.0,0.0,0.0,0.043893335895104836,0.0,0.0292330187830058,0.13903675816140598
22,garytx,14136114,individual,em,,https://twitter.com/garytx,üá∫üá¶ Gary Oldham üò∑üíâüíâüíâüíâüíâ,"Austin, TX area",Anti-racist. Public safety executive. Former cop. Incident Mgt/ICS/wildland fire mgmt. expert. Ex-FIRESCOPE chair. Views my own. Can‚Äôt follow more accts.,73685,2008-03-12 23:49:50+00:00,4547,4992,435,55.2,1,0.2,"RT @tim_cook: As storms continue to wreak havoc in California and across the U.S., we hope everyone stays safe. Apple is donating to suppor‚Ä¶ EndOfTweet RT @SnoCoSheriff: SWAT is on scene at Gold Bar Family Grocer for a hostage situation. The suspect is armed inside and there is a victim hos‚Ä¶ EndOfTweet @LoreeJSmitty @nywolforg @AndreaR9Md If by chance you have Apple News +, you can read it here: https://t.co/oE3QZkzD2R. (If you don‚Äôt have AN+, try the link anyway, it might work for you.) EndOfTweet RT @LAFD: LAFD Alert-Update Chatsworth Traffic - SINK HOLE 11414 Iverson Rd MAP:  https://t.co/x3l2VTcaeP FS96; DETAILS: https://t.co/5Fsl3‚Ä¶ EndOfTweet RT @LAFD: LAFD Alert- Chatsworth Traffic - SINK HOLE 11414 Iverson Rd MAP:  https://t.co/x3l2VTcaeP FS96; DETAILS: https://t.co/jjn9yKA6zF EndOfTweet RT @SCCOEM: EVACUATION WARNING for watershed areas of UVAS RESERVOIR still in effect. Gather household members, pets, important documents,‚Ä¶ EndOfTweet RT @calfireSCU: You see the body of water on the road ahead of you. You hesitate to cross and ponder if you should drive through it. You do‚Ä¶ EndOfTweet You don‚Äôt see a lot of Flood Warnings that are in effect ‚Äúuntil further notice.‚Äù This one is for Santa Clara County, CA. #cawx https://t.co/TMndB2KbsX EndOfTweet RT @NWSSanAntonio: Showers and thunderstorms continue to slowly move southeast with locally heavy rain seen with this activity. A strong st‚Ä¶ EndOfTweet RT @NWSSanAntonio: Flash Flood Warning for northern parts of Lavaca County. Storms continue to sit over the same locations, with radar esti‚Ä¶ EndOfTweet ",,,"Apple CEO Ô£ø Auburn üèÄ üèà Duke üèÄ National Parks üèûÔ∏è ‚ÄúLife's most persistent and urgent question is, 'What are you doing for others?'‚Äù - MLK. he/him EndOfDescr Under the leadership of Sheriff Adam Fortney, we Lead the Way. Account not monitored 24/7. Call 911 to report crime or emergencies. EndOfDescr An all-risk life safety agency protecting the City of Los Angeles. To report an emergency, call or text 911. EndOfDescr An all-risk life safety agency protecting the City of Los Angeles. To report an emergency, call or text 911. EndOfDescr Our mission is to promote, facilitate & support the County of Santa Clara & the Op area in efforts to prepare for, respond to & recover from disasters. #SCCSAFE EndOfDescr Proudly serving Santa Clara, Alameda, Contra Costa, western Stanislaus and San Joaquin counties. EndOfDescr Official Twitter account for the National Weather Service Austin/San Antonio. Details: https://t.co/pnEeXNYKhn EndOfDescr Official Twitter account for the National Weather Service Austin/San Antonio. Details: https://t.co/pnEeXNYKhn EndOfDescr ",,https://pbs.twimg.com/profile_images/1523885616567623680/hxeypjmQ_normal.jpg,4,2,23864.777777777777,66776,35,22651.296910516958,0.0,0.0,0.0,2.0,0,1,5417,0.1335313926245223,0.03975540251546384,0.03975540251546384,0.03975540251546384,0.03975540251546384,13.602547535536274,False,True,2.0431918705451206,27065,11.67,False,289,0,0.0,0.041585990989750084,0.0,0.0,0.0,0.0,0.05428243123672225,0.032790497622706666,0.0,0.0,0.0,0.0,0.046368297189474106,0.0,0.0,0.0,0.0,0.0,0.0,0.0,0.0,0.0648799826475707,0.0,0.0,0.0,0.0,0.0,0.0,0.16436036235906862,0.0,0.0,0.027154861864718525,0.0,0.0,0.0,0.0,0.0,0.0,0.0,0.0,0.0,0.02434877407821742,0.0,0.0,0.0,0.0,0.03255885602398352,0.0,0.2166014337404208,0.0,0.284300811069868
